Image 1,Image 2,Winner
1169228_836002603212167_1448913030_n.jpg,1170995_1397635063811842_704555725_n.jpg,1
1170995_1397635063811842_704555725_n.jpg,1169228_836002603212167_1448913030_n.jpg,1
927497_231353200376295_1174550114_n.jpg,928476_262303637265385_790436171_n.jpg,2
12446305_1069212233125376_717746492_n.jpg,12822447_1574095836242837_946636584_n.jpg,1
12965871_153221535073962_1369171620_n.jpg,12816944_1579429995709671_413960859_n.jpg,2
12816944_1579429995709671_413960859_n.jpg,12965871_153221535073962_1369171620_n.jpg,1
14693881_1800225260221037_8980531970303852544_n.jpg,14723460_1632220810409037_1715412751225978880_n.jpg,2
14723460_1632220810409037_1715412751225978880_n.jpg,12822447_1574095836242837_946636584_n.jpg,2
10251319_772012062832813_1409261655_n.jpg,10251332_744286838957616_951943409_n.jpg,2
10249335_528101714025317_1089265952_n.jpg,10175124_904123913034978_1316770811_n.jpg,2
10488741_898090860208190_636675400_n.jpg,10838381_1692059294382255_391998770_n.jpg,1
337434745_2081658938686371_3091238496226170853_n.jpg,338724255_183436517825831_9127192162501769012_n.jpg,1
