Image 1,Image 2,Menu,Winner,Num Voter,Num Vote 1,Num Vote 2
43040786_1190988517718482_659501642979455709_n.jpg,47382561_528489687662552_1430211809675366275_n.jpg,Dessert,1,,,
r73_1.jpg,r73_2.jpg,Ramen,2,57.0,18.0,39.0
21909631_127579371301668_4419782464415727616_n.jpg,21569084_115595109121232_821729120349061120_n.jpg,Pizza,2,,,
s28_1.jpg,s28_2.jpg,Sushi,1,57.0,40.0,17.0
p88_1.jpg,p88_2.jpg,Pizza,1,55.0,47.0,8.0
244779662_617395409433088_4689546542546692175_n.jpg,246182698_1827649727421902_6016106697785662114_n.jpg,Burger,2,,,
p59_1.jpg,p59_2.jpg,Pizza,2,55.0,24.0,31.0
68982871_2325493434365659_5848370348348127766_n.jpg,69872492_193141185027633_3927023284964145711_n.jpg,Pizza,1,,,
b23_1.jpg,b23_2.jpg,Burger,1,57.0,45.0,12.0
30604112_374160593067757_7807932849692082176_n.jpg,30087974_875563032625887_8143698871608934400_n.jpg,Sushi,2,,,
b54_1.jpg,b54_2.jpg,Burger,1,57.0,43.0,14.0
s35_1.jpg,s35_2.jpg,Sushi,1,57.0,30.0,27.0
p94_1.jpg,p94_2.jpg,Pizza,2,55.0,24.0,31.0
r3_1.jpg,r3_2.jpg,Ramen,2,57.0,22.0,35.0
p56_1.jpg,p56_2.jpg,Pizza,2,55.0,16.0,39.0
72901428_200529897636804_8270739627112300444_n.jpg,71731208_167505307775591_8277646012597587384_n.jpg,Ramen,1,,,
s42_1.jpg,s42_2.jpg,Sushi,2,57.0,21.0,36.0
b7_1.jpg,b7_2.jpg,Burger,2,57.0,13.0,44.0
32149011_206684306609476_500698371015573504_n.jpg,31497495_1481724291937088_7801630075379515392_n.jpg,Sushi,2,,,
b76_1.jpg,b76_2.jpg,Burger,2,57.0,13.0,44.0
32741410_412246269242891_4226783204117315584_n.jpg,32570375_263844451023649_1124307934264688640_n.jpg,Burger,1,,,
d80_1.jpg,d80_2.jpg,Dessert,1,57.0,32.0,25.0
b33_1.jpg,b33_2.jpg,Burger,1,57.0,30.0,27.0
r23_1.jpg,r23_2.jpg,Ramen,2,57.0,25.0,32.0
77028380_770153793452180_5781857186507650508_n.jpg,79148655_466116627404062_4452689600347418910_n.jpg,Ramen,1,,,
d52_1.jpg,d52_2.jpg,Dessert,2,57.0,25.0,32.0
d21_1.jpg,d21_2.jpg,Dessert,1,57.0,33.0,24.0
s58_1.jpg,s58_2.jpg,Sushi,1,57.0,30.0,27.0
d11_1.jpg,d11_2.jpg,Dessert,2,57.0,17.0,40.0
d88_1.jpg,d88_2.jpg,Dessert,2,57.0,10.0,47.0
s71_1.jpg,s71_2.jpg,Sushi,2,57.0,19.0,38.0
b41_1.jpg,b41_2.jpg,Burger,2,57.0,25.0,32.0
b37_1.jpg,b37_2.jpg,Burger,2,57.0,24.0,33.0
s92_1.jpg,s92_2.jpg,Sushi,1,57.0,46.0,11.0
123172824_772679293281955_5175570988091646256_n.jpg,120926363_370466340805287_765780305985548579_n.jpg,Sushi,2,,,
69696685_140898560498039_8268027791297878256_n.jpg,70818896_119538355830924_6456036385423074606_n.jpg,Pizza,1,,,
d15_1.jpg,d15_2.jpg,Dessert,1,57.0,37.0,20.0
13166695_1589830088012005_1948013272_n.jpg,13267411_581362782037024_179191124_n.jpg,Sushi,2,,,
s30_1.jpg,s30_2.jpg,Sushi,2,57.0,2.0,55.0
s37_1.jpg,s37_2.jpg,Sushi,2,57.0,18.0,39.0
s16_1.jpg,s16_2.jpg,Sushi,1,57.0,35.0,22.0
d63_1.jpg,d63_2.jpg,Dessert,2,57.0,11.0,46.0
s47_1.jpg,s47_2.jpg,Sushi,1,57.0,43.0,14.0
13739388_271874309864416_1537830796_n.jpg,13636237_1345312905496250_751373314_n.jpg,Pizza,1,,,
b45_1.jpg,b45_2.jpg,Burger,1,57.0,35.0,22.0
s31_1.jpg,s31_2.jpg,Sushi,2,57.0,23.0,34.0
s7_1.jpg,s7_2.jpg,Sushi,2,57.0,3.0,54.0
p22_1.jpg,p22_2.jpg,Pizza,2,55.0,10.0,45.0
s99_1.jpg,s99_2.jpg,Sushi,1,57.0,46.0,11.0
12317377_781523475286196_1213813759_n.jpg,12357577_141291829575945_1100786173_n.jpg,Burger,2,,,
23098577_531787757165618_5091296413552214016_n.jpg,22711055_857689577718971_7199777523666780160_n.jpg,Pizza,1,,,
b87_1.jpg,b87_2.jpg,Burger,2,57.0,14.0,43.0
b6_1.jpg,b6_2.jpg,Burger,2,57.0,18.0,39.0
315545262_151251904307715_8335897229817639599_n.jpg,315954476_1363413874428174_5047933422376746604_n.jpg,Burger,2,,,
124217510_3396888577061190_4974045476546649847_n.jpg,121592217_1308166029530364_7371906015222181114_n.jpg,Sushi,2,,,
r2_1.jpg,r2_2.jpg,Ramen,2,57.0,24.0,33.0
29716103_220058575428837_7652574897524178944_n.jpg,30591831_177607509627514_2334773118645567488_n.jpg,Sushi,1,,,
73091491_168504727673339_7223148220964105738_n.jpg,73480806_208646230138312_4154701436797450956_n.jpg,Ramen,1,,,
p58_1.jpg,p58_2.jpg,Pizza,1,55.0,28.0,27.0
127925909_377601623525424_6536478415947567988_n.jpg,121636270_2960238350928152_5127125759777494166_n.jpg,Sushi,2,,,
b34_1.jpg,b34_2.jpg,Burger,1,57.0,37.0,20.0
s38_1.jpg,s38_2.jpg,Sushi,1,57.0,38.0,19.0
275630400_1872407523148481_5045520932768779622_n.jpg,276074188_539213610896078_4246006976824894102_n.jpg,Ramen,2,,,
32531888_2092479777700664_7459964623823831040_n.jpg,32035727_457499854689103_5753123570758713344_n.jpg,Sushi,1,,,
321174604_542695657877364_2475541234582595236_n.jpg,321385561_715065206564337_7449202780081155322_n.jpg,Pizza,1,,,
p12_1.jpg,p12_2.jpg,Pizza,2,55.0,20.0,35.0
p18_1.jpg,p18_2.jpg,Pizza,2,55.0,20.0,35.0
124944220_848402539035653_5531286939794648867_n.jpg,124201913_406375907409068_6427797572171456387_n.jpg,Burger,2,,,
333545956_867568937645420_5319227789523335769_n.jpg,331534956_159875096857375_3296763842997835471_n.jpg,Pizza,2,,,
d34_1.jpg,d34_2.jpg,Dessert,2,57.0,12.0,45.0
s32_1.jpg,s32_2.jpg,Sushi,2,57.0,14.0,43.0
75371276_1245094419211545_6635992898573336028_n.jpg,78859810_578292709398146_2774078285334870104_n.jpg,Ramen,1,,,
289873030_573027841054648_5994248954870037846_n.jpg,290373841_779313873090563_302300073867999030_n.jpg,Burger,2,,,
r64_1.jpg,r64_2.jpg,Ramen,1,57.0,37.0,20.0
s27_1.jpg,s27_2.jpg,Sushi,1,57.0,52.0,5.0
s6_1.jpg,s6_2.jpg,Sushi,1,57.0,36.0,21.0
r77_1.jpg,r77_2.jpg,Ramen,2,57.0,26.0,31.0
s22_1.jpg,s22_2.jpg,Sushi,2,57.0,21.0,36.0
s53_1.jpg,s53_2.jpg,Sushi,1,57.0,43.0,14.0
r62_1.jpg,r62_2.jpg,Ramen,2,57.0,15.0,42.0
r25_1.jpg,r25_2.jpg,Ramen,2,57.0,27.0,30.0
p90_1.jpg,p90_2.jpg,Pizza,1,55.0,28.0,27.0
p98_1.jpg,p98_2.jpg,Pizza,2,55.0,22.0,33.0
p32_1.jpg,p32_2.jpg,Pizza,1,55.0,34.0,21.0
d86_1.jpg,d86_2.jpg,Dessert,2,57.0,19.0,38.0
121063438_227210542068628_6165747730325576932_n.jpg,126058501_2682912192024054_8508878587062177914_n.jpg,Sushi,1,,,
s36_1.jpg,s36_2.jpg,Sushi,2,57.0,11.0,46.0
s54_1.jpg,s54_2.jpg,Sushi,2,57.0,14.0,43.0
10543922_450932588401336_739678509_n.jpg,11379899_847157352041635_1130630752_n.jpg,Ramen,2,,,
b88_1.jpg,b88_2.jpg,Burger,1,57.0,35.0,22.0
p68_1.jpg,p68_2.jpg,Pizza,2,55.0,12.0,43.0
s43_1.jpg,s43_2.jpg,Sushi,1,57.0,47.0,10.0
p29_1.jpg,p29_2.jpg,Pizza,1,55.0,32.0,23.0
316919062_461083599286289_5663528881580615272_n.jpg,316251043_199244229243125_7947605523535885737_n.jpg,Burger,1,,,
44443963_334258080711354_2229040996309720079_n.jpg,43282933_2124641664530671_1546378145801720259_n.jpg,Dessert,1,,,
315553090_151349247612893_1551330009511799505_n.jpg,316424007_152971994117285_5629706746498567836_n.jpg,Ramen,2,,,
328062475_935640610930945_4188447289487934956_n.jpg,329854616_1386301152145339_3464628345824517324_n.jpg,Pizza,1,,,
13636237_1345312905496250_751373314_n.jpg,13658670_497262657135772_1778521620_n.jpg,Pizza,2,,,
d27_1.jpg,d27_2.jpg,Dessert,2,57.0,21.0,36.0
s85_1.jpg,s85_2.jpg,Sushi,2,57.0,12.0,45.0
174655637_1452065868465595_3126179082713999396_n.jpg,171063808_295648475411933_5208077399226599921_n.jpg,Ramen,1,,,
p9_1.jpg,p9_2.jpg,Pizza,2,55.0,8.0,47.0
d66_1.jpg,d66_2.jpg,Dessert,2,57.0,17.0,40.0
17586984_428229494183717_8440815539391037440_n.jpg,17126216_730011753833581_5803106261255847936_n.jpg,Dessert,2,,,
83076232_2609036959333753_8401795662560967130_n.jpg,84305897_221596552194123_1479691928995390738_n.jpg,Ramen,1,,,
b86_1.jpg,b86_2.jpg,Burger,2,57.0,15.0,42.0
d29_1.jpg,d29_2.jpg,Dessert,2,57.0,14.0,43.0
329055789_604066361561665_2647923405224535561_n.jpg,329254435_528795616010960_2823548198250212389_n.jpg,Pizza,1,,,
d89_1.jpg,d89_2.jpg,Dessert,2,57.0,9.0,48.0
d53_1.jpg,d53_2.jpg,Dessert,2,57.0,28.0,29.0
s61_1.jpg,s61_2.jpg,Sushi,2,57.0,11.0,46.0
p53_1.jpg,p53_2.jpg,Pizza,1,55.0,39.0,16.0
d18_1.jpg,d18_2.jpg,Dessert,2,57.0,28.0,29.0
14134591_1091059380986007_1348193478_n.jpg,14499099_1709090266082072_3827740816302931968_n.jpg,Dessert,2,,,
d45_1.jpg,d45_2.jpg,Dessert,2,57.0,8.0,49.0
d36_1.jpg,d36_2.jpg,Dessert,1,57.0,30.0,27.0
b79_1.jpg,b79_2.jpg,Burger,1,57.0,41.0,16.0
r18_1.jpg,r18_2.jpg,Ramen,2,57.0,17.0,40.0
d98_1.jpg,d98_2.jpg,Dessert,1,57.0,50.0,7.0
p3_1.jpg,p3_2.jpg,Pizza,1,55.0,48.0,7.0
311447988_468062445295430_3599079572221690083_n.jpg,311073186_2130647070474371_4927293031665060112_n.jpg,Ramen,2,,,
b16_1.jpg,b16_2.jpg,Burger,1,57.0,34.0,23.0
75223610_237067110607203_2563270886164239565_n.jpg,72769266_108530287143611_6115962699199171531_n.jpg,Sushi,1,,,
b83_1.jpg,b83_2.jpg,Burger,1,57.0,40.0,17.0
13129516_1081400751935283_747739957_n.jpg,13249010_236005396771574_485907932_n.jpg,Sushi,1,,,
b2_1.jpg,b2_2.jpg,Burger,1,57.0,35.0,22.0
316945722_152379074176577_6122673561102894677_n.jpg,316263605_152972280783923_373168933401257426_n.jpg,Ramen,2,,,
83840360_170498047715911_3514566923656672119_n.jpg,83076232_2609036959333753_8401795662560967130_n.jpg,Ramen,2,,,
b11_1.jpg,b11_2.jpg,Burger,1,57.0,30.0,27.0
56857856_349378192364561_3175469851077709861_n.jpg,55959664_114979116145075_190689598869178124_n.jpg,Burger,1,,,
s86_1.jpg,s86_2.jpg,Sushi,2,57.0,8.0,49.0
12519107_924840830947307_74989274_n.jpg,13183547_280054262339847_381362562_n.jpg,Sushi,1,,,
p41_1.jpg,p41_2.jpg,Pizza,2,55.0,12.0,43.0
123525413_128665495681949_8904140655866497330_n.jpg,123813369_690511601899954_5308448466369469261_n.jpg,Burger,2,,,
12393930_1290058174371791_1982103263_n.jpg,12357657_464047893784524_1211847166_n.jpg,Burger,2,,,
b73_1.jpg,b73_2.jpg,Burger,1,57.0,38.0,19.0
r74_1.jpg,r74_2.jpg,Ramen,2,57.0,18.0,39.0
29737547_200205827375992_5422603447666999296_n.jpg,29414730_567352690288924_5215071731730874368_n.jpg,Sushi,1,,,
d81_1.jpg,d81_2.jpg,Dessert,2,57.0,15.0,42.0
314967702_149435187804299_3762763209678592397_n.jpg,316676610_152383684176116_5278942978315411409_n.jpg,Ramen,2,,,
d39_1.jpg,d39_2.jpg,Dessert,2,57.0,20.0,37.0
s100_1.jpg,s100_2.jpg,Sushi,2,57.0,20.0,37.0
45387172_154026302236060_3036825668634193332_n.jpg,43779032_255676925302438_3642097486736901401_n.jpg,Dessert,2,,,
r56_1.jpg,r56_2.jpg,Ramen,1,57.0,34.0,23.0
s73_1.jpg,s73_2.jpg,Sushi,1,57.0,44.0,13.0
r29_1.jpg,r29_2.jpg,Ramen,2,57.0,8.0,49.0
d38_1.jpg,d38_2.jpg,Dessert,2,57.0,23.0,34.0
d12_1.jpg,d12_2.jpg,Dessert,2,57.0,6.0,51.0
12940247_650608885078322_232035883_n.jpg,13188209_628434130640288_1782527935_n.jpg,Sushi,1,,,
d70_1.jpg,d70_2.jpg,Dessert,1,57.0,36.0,21.0
d60_1.jpg,d60_2.jpg,Dessert,1,57.0,29.0,28.0
73049986_1001468773521202_7996101210304759685_n.jpg,70499576_552557015511989_393928320450088101_n.jpg,Ramen,2,,,
b39_1.jpg,b39_2.jpg,Burger,1,57.0,34.0,23.0
b89_1.jpg,b89_2.jpg,Burger,2,57.0,12.0,45.0
r48_1.jpg,r48_2.jpg,Ramen,2,57.0,18.0,39.0
p91_1.jpg,p91_2.jpg,Pizza,1,55.0,39.0,16.0
p46_1.jpg,p46_2.jpg,Pizza,2,55.0,21.0,34.0
72487369_805321096584651_1828901546681116043_n.jpg,73250908_154283859291939_4406244861925087604_n.jpg,Ramen,1,,,
b51_1.jpg,b51_2.jpg,Burger,2,57.0,16.0,41.0
328512583_147177301189355_6576280018312221410_n.jpg,329055792_1185200812357367_2347564196992113551_n.jpg,Burger,1,,,
d99_1.jpg,d99_2.jpg,Dessert,2,57.0,17.0,40.0
b61_1.jpg,b61_2.jpg,Burger,1,57.0,37.0,20.0
r96_1.jpg,r96_2.jpg,Ramen,2,57.0,15.0,42.0
b80_1.jpg,b80_2.jpg,Burger,1,57.0,49.0,8.0
p35_1.jpg,p35_2.jpg,Pizza,1,55.0,33.0,22.0
36641126_1012262748948219_1150333404558917632_n.jpg,37333709_256817888245440_2969204560666558464_n.jpg,Dessert,1,,,
123482519_387658885758937_2982566443978511088_n.jpg,125472113_387629995923934_7024254964387982507_n.jpg,Sushi,2,,,
p19_1.jpg,p19_2.jpg,Pizza,1,55.0,36.0,19.0
123146197_1036176946847731_928824156947549699_n.jpg,128422161_382560506495717_6662192582818754818_n.jpg,Sushi,1,,,
157832022_613037262894806_7794547713278426115_n.jpg,157766128_4212722635447131_4466236851104630479_n.jpg,Burger,2,,,
302710560_5972240629472774_1259013470229066516_n.jpg,302104968_637109757742226_1055674805015072490_n.jpg,Ramen,1,,,
191580828_204120388204821_5606191026488680255_n.jpg,193014577_1376198326114767_6566017916208890067_n.jpg,Pizza,2,,,
b1_1.jpg,b1_2.jpg,Burger,1,57.0,33.0,24.0
72869364_181380416324003_9019895518053004750_n.jpg,71528354_175839520231617_4393234170817984964_n.jpg,Sushi,1,,,
13258917_1685396928347572_1268159680_n.jpg,13257128_283311608675120_2048582663_n.jpg,Sushi,2,,,
275531116_3192049261025482_4823763894111901074_n.jpg,275887357_3265520833671683_6403418142386295489_n.jpg,Ramen,2,,,
s15_1.jpg,s15_2.jpg,Sushi,1,57.0,36.0,21.0
d28_1.jpg,d28_2.jpg,Dessert,2,57.0,22.0,35.0
s33_1.jpg,s33_2.jpg,Sushi,1,57.0,36.0,21.0
275630400_1872407523148481_5045520932768779622_n.jpg,277030649_2287695884706829_3105949816716523427_n.jpg,Ramen,2,,,
30590143_180756565911422_668976113090822144_n.jpg,30998804_1728877577202558_8393779531466407936_n.jpg,Dessert,2,,,
242365432_1471771356526361_5729615427424637784_n.jpg,241930481_591691895299109_8444077421940760106_n.jpg,Burger,2,,,
p28_1.jpg,p28_2.jpg,Pizza,2,55.0,13.0,42.0
332029467_908125623649524_1435351589380532417_n.jpg,330755232_756223642598816_3488260083344247065_n.jpg,Pizza,2,,,
s20_1.jpg,s20_2.jpg,Sushi,1,57.0,32.0,25.0
b36_1.jpg,b36_2.jpg,Burger,2,57.0,17.0,40.0
43984815_756708454672570_7854186937707940386_n.jpg,47583886_959105464300606_4544117051112770499_n.jpg,Dessert,1,,,
p1_1.jpg,p1_2.jpg,Pizza,1,55.0,43.0,12.0
s94_1.jpg,s94_2.jpg,Sushi,1,57.0,33.0,24.0
b98_1.jpg,b98_2.jpg,Burger,1,57.0,41.0,16.0
123144553_704058607190972_7174138761568614230_n.jpg,120733398_1308036952877644_1368805335171939856_n.jpg,Sushi,2,,,
b56_1.jpg,b56_2.jpg,Burger,2,57.0,15.0,42.0
257434206_144994377865438_2394023090724194719_n.jpg,249751184_219541303611452_4288877200337208414_n.jpg,Pizza,1,,,
s98_1.jpg,s98_2.jpg,Sushi,2,57.0,21.0,36.0
p99_1.jpg,p99_2.jpg,Pizza,1,55.0,33.0,22.0
d2_1.jpg,d2_2.jpg,Dessert,2,57.0,26.0,31.0
d76_1.jpg,d76_2.jpg,Dessert,1,57.0,38.0,19.0
s13_1.jpg,s13_2.jpg,Sushi,2,57.0,22.0,35.0
s3_1.jpg,s3_2.jpg,Sushi,1,57.0,38.0,19.0
287531017_531410871955633_1499432577391323478_n.jpg,285736825_739013377295829_7509909508467983147_n.jpg,Burger,1,,,
r85_1.jpg,r85_2.jpg,Ramen,2,57.0,13.0,44.0
p89_1.jpg,p89_2.jpg,Pizza,2,55.0,19.0,36.0
p62_1.jpg,p62_2.jpg,Pizza,2,55.0,17.0,38.0
308494754_874741020156853_2636018043984747988_n.jpg,308714764_1520681085021127_617705524801554633_n.jpg,Ramen,2,,,
1516457_1521380128166845_1132685752_n.jpg,11378439_559392404220010_1293992798_n.jpg,Burger,1,,,
r47_1.jpg,r47_2.jpg,Ramen,1,57.0,38.0,19.0
b4_1.jpg,b4_2.jpg,Burger,2,57.0,19.0,38.0
p63_1.jpg,p63_2.jpg,Pizza,2,55.0,19.0,36.0
p64_1.jpg,p64_2.jpg,Pizza,1,55.0,28.0,27.0
d32_1.jpg,d32_2.jpg,Dessert,2,57.0,9.0,48.0
78793667_189866068835136_3702854128861769494_n.jpg,74942732_242844876685331_3084450857946637095_n.jpg,Sushi,2,,,
r71_1.jpg,r71_2.jpg,Ramen,2,57.0,24.0,33.0
s23_1.jpg,s23_2.jpg,Sushi,2,57.0,27.0,30.0
72789898_157187405507465_7571335839360713491_n.jpg,76887270_496316014308436_8928305966275538517_n.jpg,Ramen,1,,,
316727614_195007969699143_6914545750453147051_n.jpg,317306617_546295547311077_3789034936068370026_n.jpg,Pizza,1,,,
d50_1.jpg,d50_2.jpg,Dessert,2,57.0,27.0,30.0
307561055_1730071694037572_8244817576429059176_n.jpg,307630899_596275278708729_3487695446762220808_n.jpg,Ramen,2,,,
d90_1.jpg,d90_2.jpg,Dessert,1,57.0,39.0,18.0
307259859_808719023659060_6321608169158153085_n.jpg,306096790_1106923720191494_5390300895055602312_n.jpg,Ramen,2,,,
69298965_417868338933825_1057003402035586818_n.jpg,66823128_101888527800543_7492075923923480441_n.jpg,Dessert,2,,,
134853253_403373004306600_4404929582210348964_n.jpg,132963945_701499294065044_727060662199526531_n.jpg,Pizza,2,,,
p34_1.jpg,p34_2.jpg,Pizza,2,55.0,26.0,29.0
p65_1.jpg,p65_2.jpg,Pizza,2,55.0,27.0,28.0
p36_1.jpg,p36_2.jpg,Pizza,1,55.0,39.0,16.0
r6_1.jpg,r6_2.jpg,Ramen,1,57.0,30.0,27.0
12965162_1562646030699206_1091496153_n.jpg,12677527_1740484719497301_2138254466_n.jpg,Sushi,1,,,
r36_1.jpg,r36_2.jpg,Ramen,2,57.0,8.0,49.0
32178284_177140093117706_5562868678598328320_n.jpg,31493562_401162413627304_4324197172674297856_n.jpg,Sushi,2,,,
78783727_496053524443183_7917892906093790196_n.jpg,79383180_279017193057279_8356730934320497944_n.jpg,Ramen,2,,,
b21_1.jpg,b21_2.jpg,Burger,1,57.0,31.0,26.0
121389160_1650397671807288_8715062090969151002_n.jpg,123864117_376512407102724_3995817528217917742_n.jpg,Sushi,1,,,
325580434_1880300635680416_1608672648779428061_n.jpg,325770593_696688508784266_1279683297851617284_n.jpg,Pizza,1,,,
30998804_1728877577202558_8393779531466407936_n.jpg,29089067_575781026116302_6310780019937378304_n.jpg,Dessert,1,,,
275531116_3192049261025482_4823763894111901074_n.jpg,275080678_1302912126876908_5746632695259810381_n.jpg,Ramen,2,,,
b70_1.jpg,b70_2.jpg,Burger,1,57.0,31.0,26.0
12338670_624262464379289_529618177_n.jpg,12357657_464047893784524_1211847166_n.jpg,Burger,2,,,
69166160_2678359048862501_4121662786632242262_n.jpg,69928621_396480091017544_8953670775007323308_n.jpg,Pizza,2,,,
311021338_159987450007442_3959776750069785197_n.jpg,311437075_190371113478344_8332867200657404201_n.jpg,Ramen,2,,,
d48_1.jpg,d48_2.jpg,Dessert,1,57.0,35.0,22.0
p95_1.jpg,p95_2.jpg,Pizza,1,55.0,29.0,26.0
s60_1.jpg,s60_2.jpg,Sushi,2,57.0,26.0,31.0
67979128_101571394494238_3626146426412269514_n.jpg,67660858_182292709476417_493006457423748393_n.jpg,Dessert,2,,,
p51_1.jpg,p51_2.jpg,Pizza,2,55.0,27.0,28.0
s66_1.jpg,s66_2.jpg,Sushi,2,57.0,26.0,31.0
r52_1.jpg,r52_2.jpg,Ramen,2,57.0,10.0,47.0
17125954_610691769129855_8469197396247576576_n.jpg,17586866_1915227215380086_2845729593845874688_n.jpg,Dessert,1,,,
s75_1.jpg,s75_2.jpg,Sushi,2,57.0,10.0,47.0
r89_1.jpg,r89_2.jpg,Ramen,2,57.0,27.0,30.0
r45_1.jpg,r45_2.jpg,Ramen,2,57.0,8.0,49.0
r60_1.jpg,r60_2.jpg,Ramen,2,57.0,20.0,37.0
p33_1.jpg,p33_2.jpg,Pizza,2,55.0,24.0,31.0
r68_1.jpg,r68_2.jpg,Ramen,1,57.0,39.0,18.0
s5_1.jpg,s5_2.jpg,Sushi,1,57.0,49.0,8.0
s24_1.jpg,s24_2.jpg,Sushi,1,57.0,41.0,16.0
324066583_696594978837575_1763990571754926206_n.jpg,324396169_3325679051013306_8444172864914828632_n.jpg,Pizza,1,,,
b53_1.jpg,b53_2.jpg,Burger,2,57.0,16.0,41.0
d94_1.jpg,d94_2.jpg,Dessert,1,57.0,45.0,12.0
b81_1.jpg,b81_2.jpg,Burger,2,57.0,24.0,33.0
b68_1.jpg,b68_2.jpg,Burger,2,57.0,26.0,31.0
p16_1.jpg,p16_2.jpg,Pizza,2,55.0,24.0,31.0
p13_1.jpg,p13_2.jpg,Pizza,1,55.0,28.0,27.0
r39_1.jpg,r39_2.jpg,Ramen,2,57.0,11.0,46.0
30087582_1011417512356748_5711520550434635776_n.jpg,30592539_902862853226749_2329226460440559616_n.jpg,Dessert,2,,,
b15_1.jpg,b15_2.jpg,Burger,2,57.0,27.0,30.0
r40_1.jpg,r40_2.jpg,Ramen,2,57.0,23.0,34.0
s50_1.jpg,s50_2.jpg,Sushi,1,57.0,35.0,22.0
32443715_204769380245606_2213268888978718720_n.jpg,30996069_492375134512865_1342774168784994304_n.jpg,Sushi,1,,,
b50_1.jpg,b50_2.jpg,Burger,1,57.0,46.0,11.0
p39_1.jpg,p39_2.jpg,Pizza,2,55.0,24.0,31.0
p57_1.jpg,p57_2.jpg,Pizza,2,55.0,26.0,29.0
p11_1.jpg,p11_2.jpg,Pizza,1,55.0,28.0,27.0
d35_1.jpg,d35_2.jpg,Dessert,2,57.0,25.0,32.0
12965839_993371057377660_1124139822_n.jpg,12960118_1042963535742894_875518427_n.jpg,Sushi,2,,,
320058631_1106504873331527_1104522570667449301_n.jpg,316251043_199244229243125_7947605523535885737_n.jpg,Burger,1,,,
r46_1.jpg,r46_2.jpg,Ramen,1,57.0,48.0,9.0
77028380_770153793452180_5781857186507650508_n.jpg,81609347_2491375327783027_456092356236540590_n.jpg,Ramen,1,,,
p92_1.jpg,p92_2.jpg,Pizza,2,55.0,17.0,38.0
s46_1.jpg,s46_2.jpg,Sushi,1,57.0,36.0,21.0
r84_1.jpg,r84_2.jpg,Ramen,1,57.0,42.0,15.0
68738221_2358509887531724_710153087721141460_n.jpg,66386164_358673745025659_8678576997166330969_n.jpg,Dessert,2,,,
b48_1.jpg,b48_2.jpg,Burger,1,57.0,47.0,10.0
320206155_210086324808432_7079739435774538141_n.jpg,320500169_674569027485279_9146216692868739185_n.jpg,Pizza,2,,,
b20_1.jpg,b20_2.jpg,Burger,1,57.0,46.0,11.0
d42_1.jpg,d42_2.jpg,Dessert,2,57.0,28.0,29.0
13534367_146722982401819_1927351267_n.jpg,13402479_599303026897003_1410691472_n.jpg,Pizza,2,,,
p83_1.jpg,p83_2.jpg,Pizza,2,55.0,12.0,43.0
b25_1.jpg,b25_2.jpg,Burger,2,57.0,27.0,30.0
s26_1.jpg,s26_2.jpg,Sushi,2,57.0,9.0,48.0
r69_1.jpg,r69_2.jpg,Ramen,2,57.0,14.0,43.0
s55_1.jpg,s55_2.jpg,Sushi,2,57.0,13.0,44.0
s25_1.jpg,s25_2.jpg,Sushi,2,57.0,24.0,33.0
126424306_684546002425844_1903335169406236047_n.jpg,123140090_404369590580709_5460559474064240043_n.jpg,Sushi,2,,,
b28_1.jpg,b28_2.jpg,Burger,2,57.0,22.0,35.0
r17_1.jpg,r17_2.jpg,Ramen,1,57.0,45.0,12.0
s65_1.jpg,s65_2.jpg,Sushi,1,57.0,36.0,21.0
70936517_134347931197642_8607233491743510223_n.jpg,72398031_161074508339862_255153037470427400_n.jpg,Pizza,1,,,
d75_1.jpg,d75_2.jpg,Dessert,2,57.0,10.0,47.0
r35_1.jpg,r35_2.jpg,Ramen,1,57.0,32.0,25.0
257434206_144994377865438_2394023090724194719_n.jpg,251294508_571232124109658_7983019635482274522_n.jpg,Pizza,1,,,
d19_1.jpg,d19_2.jpg,Dessert,2,57.0,28.0,29.0
74673904_155745358994323_8265214010571196173_n.jpg,74609522_472670090043402_2666566351708440676_n.jpg,Sushi,1,,,
p45_1.jpg,p45_2.jpg,Pizza,2,55.0,23.0,32.0
244653677_182241847288303_2309291450720088801_n.jpg,244575365_997728941073802_8477394986212377626_n.jpg,Burger,2,,,
s17_1.jpg,s17_2.jpg,Sushi,1,57.0,33.0,24.0
12383665_482176871966810_530560087_n.jpg,13118344_1710364645868395_961309100_n.jpg,Sushi,1,,,
r76_1.jpg,r76_2.jpg,Ramen,1,57.0,34.0,23.0
28428492_1933111390351317_6609658019447832576_n.jpg,28429159_1116402855168407_258034582807379968_n.jpg,Dessert,2,,,
d49_1.jpg,d49_2.jpg,Dessert,1,57.0,29.0,28.0
r30_1.jpg,r30_2.jpg,Ramen,1,57.0,44.0,13.0
b84_1.jpg,b84_2.jpg,Burger,1,57.0,42.0,15.0
b74_1.jpg,b74_2.jpg,Burger,2,57.0,22.0,35.0
d1_1.jpg,d1_2.jpg,Dessert,2,57.0,5.0,52.0
r97_1.jpg,r97_2.jpg,Ramen,2,57.0,11.0,46.0
r75_1.jpg,r75_2.jpg,Ramen,1,57.0,36.0,21.0
d47_1.jpg,d47_2.jpg,Dessert,2,57.0,22.0,35.0
r12_1.jpg,r12_2.jpg,Ramen,1,57.0,37.0,20.0
d91_1.jpg,d91_2.jpg,Dessert,2,57.0,27.0,30.0
72121505_144983450096969_2991056584111866415_n.jpg,70737011_2763154007028739_374686330012369928_n.jpg,Pizza,1,,,
241736688_287677299438743_7492845730420165192_n.jpg,241945976_219794936867056_3660125110849133159_n.jpg,Burger,2,,,
323154586_710968117075474_8046182971846767828_n.jpg,323840603_538471624874998_7214011113131531368_n.jpg,Pizza,2,,,
s44_1.jpg,s44_2.jpg,Sushi,2,57.0,8.0,49.0
r28_1.jpg,r28_2.jpg,Ramen,1,57.0,39.0,18.0
b91_1.jpg,b91_2.jpg,Burger,2,57.0,22.0,35.0
d7_1.jpg,d7_2.jpg,Dessert,1,57.0,34.0,23.0
17439377_384116988642208_4886846053183127552_n.jpg,17332673_416154288733886_906686824754184192_n.jpg,Dessert,2,,,
b30_1.jpg,b30_2.jpg,Burger,2,57.0,20.0,37.0
79518756_2894467763939338_3870708439315366922_n.jpg,69893963_226866188296514_7129183122711021346_n.jpg,Sushi,2,,,
p82_1.jpg,p82_2.jpg,Pizza,2,55.0,26.0,29.0
77408523_160307528524163_7320289049756910447_n.jpg,73288872_420015445338083_3302719873906151180_n.jpg,Sushi,2,,,
14482909_851684298265659_1586249804596379648_n.jpg,14736459_680056438818748_8214456714053812224_n.jpg,Dessert,1,,,
311154043_927849221516270_3915455139898845698_n.jpg,312026734_1073799916659584_7281487965936574010_n.jpg,Ramen,1,,,
r50_1.jpg,r50_2.jpg,Ramen,2,57.0,25.0,32.0
d100_1.jpg,d100_2.jpg,Dessert,1,57.0,31.0,26.0
s87_1.jpg,s87_2.jpg,Sushi,2,57.0,22.0,35.0
p31_1.jpg,p31_2.jpg,Pizza,1,55.0,33.0,22.0
r24_1.jpg,r24_2.jpg,Ramen,1,57.0,32.0,25.0
43985334_755487431465034_2235324865984388530_n.jpg,47063712_125320968467683_7173220387282730018_n.jpg,Dessert,2,,,
r31_1.jpg,r31_2.jpg,Ramen,2,57.0,25.0,32.0
189312051_100927135512997_3596389191749746231_n.jpg,189864350_232180965378952_723271456145310024_n.jpg,Burger,2,,,
s34_1.jpg,s34_2.jpg,Sushi,2,57.0,10.0,47.0
78939191_2628207360743005_4608320762916451028_n.jpg,80668935_821523448325595_5682589338691527181_n.jpg,Ramen,2,,,
75272119_155542502354915_9063639254265953806_n.jpg,72977128_116093663178907_6871202834528863719_n.jpg,Ramen,1,,,
b59_1.jpg,b59_2.jpg,Burger,1,57.0,32.0,25.0
30923780_164049174428437_3118283665784700928_n.jpg,31997946_173557523354604_7037525745261871104_n.jpg,Sushi,2,,,
87404058_637395990421456_1813220378013752495_n.jpg,87405172_776045132919961_4978221120741961536_n.jpg,Ramen,2,,,
p15_1.jpg,p15_2.jpg,Pizza,2,55.0,9.0,46.0
p60_1.jpg,p60_2.jpg,Pizza,1,55.0,39.0,16.0
b72_1.jpg,b72_2.jpg,Burger,1,57.0,48.0,9.0
d72_1.jpg,d72_2.jpg,Dessert,2,57.0,17.0,40.0
p23_1.jpg,p23_2.jpg,Pizza,1,55.0,31.0,24.0
b96_1.jpg,b96_2.jpg,Burger,1,57.0,34.0,23.0
b97_1.jpg,b97_2.jpg,Burger,1,57.0,36.0,21.0
123144721_202861281348883_590201382493675377_n.jpg,120536888_126416008914630_6585228881115707806_n.jpg,Sushi,2,,,
p42_1.jpg,p42_2.jpg,Pizza,1,55.0,33.0,22.0
b42_1.jpg,b42_2.jpg,Burger,2,57.0,21.0,36.0
69242049_490578168452699_8228760906667086501_n.jpg,70015181_528309364588048_2968859348775117286_n.jpg,Pizza,2,,,
125005040_738157110120516_3945201716708954373_n.jpg,129483116_2744988429088177_7877029358701699875_n.jpg,Sushi,1,,,
r86_1.jpg,r86_2.jpg,Ramen,2,57.0,11.0,46.0
d6_1.jpg,d6_2.jpg,Dessert,2,57.0,20.0,37.0
s70_1.jpg,s70_2.jpg,Sushi,1,57.0,49.0,8.0
14134522_297991087234644_634290434_n.jpg,14723062_546346765565172_7314247455896240128_n.jpg,Dessert,2,,,
d97_1.jpg,d97_2.jpg,Dessert,2,57.0,16.0,41.0
r80_1.jpg,r80_2.jpg,Ramen,1,57.0,45.0,12.0
r81_1.jpg,r81_2.jpg,Ramen,1,57.0,41.0,16.0
p8_1.jpg,p8_2.jpg,Pizza,1,55.0,42.0,13.0
s4_1.jpg,s4_2.jpg,Sushi,1,57.0,53.0,4.0
r44_1.jpg,r44_2.jpg,Ramen,2,57.0,19.0,38.0
b58_1.jpg,b58_2.jpg,Burger,2,57.0,19.0,38.0
121173313_630982247587296_7526873547037895211_n.jpg,123140662_2664464673819629_758774588878349283_n.jpg,Sushi,1,,,
b75_1.jpg,b75_2.jpg,Burger,2,57.0,12.0,45.0
b31_1.jpg,b31_2.jpg,Burger,2,57.0,17.0,40.0
s56_1.jpg,s56_2.jpg,Sushi,1,57.0,39.0,18.0
30079147_2466548156704481_7240125253899255808_n.jpg,30590143_180756565911422_668976113090822144_n.jpg,Dessert,1,,,
12276904_200090120329720_1695405197_n.jpg,12269817_1652930111628750_2126824828_n.jpg,Burger,2,,,
r53_1.jpg,r53_2.jpg,Ramen,1,57.0,43.0,14.0
d58_1.jpg,d58_2.jpg,Dessert,1,57.0,38.0,19.0
191580828_204120388204821_5606191026488680255_n.jpg,192282368_792206611407518_1007951215466331085_n.jpg,Pizza,2,,,
r42_1.jpg,r42_2.jpg,Ramen,1,57.0,38.0,19.0
s78_1.jpg,s78_2.jpg,Sushi,2,57.0,27.0,30.0
r98_1.jpg,r98_2.jpg,Ramen,2,57.0,20.0,37.0
123842105_106287434555155_903092352925020137_n.jpg,123144100_3559502577443042_9042438882561436448_n.jpg,Burger,2,,,
d61_1.jpg,d61_2.jpg,Dessert,2,57.0,24.0,33.0
d79_1.jpg,d79_2.jpg,Dessert,2,57.0,19.0,38.0
17494054_1871412776410068_5319361577856532480_n.jpg,16583277_1246649542115241_8819044889351159808_n.jpg,Dessert,1,,,
d46_1.jpg,d46_2.jpg,Dessert,2,57.0,27.0,30.0
12965113_613415135473191_1898479772_n.jpg,12976682_1713422055599964_574178276_n.jpg,Pizza,2,,,
46075061_259195838074788_8620640821040098288_n.jpg,47208019_131763921151617_4207235528937573710_n.jpg,Dessert,1,,,
r8_1.jpg,r8_2.jpg,Ramen,2,57.0,17.0,40.0
r100_1.jpg,r100_2.jpg,Ramen,2,57.0,18.0,39.0
d51_1.jpg,d51_2.jpg,Dessert,1,57.0,43.0,14.0
b57_1.jpg,b57_2.jpg,Burger,1,57.0,46.0,11.0
s45_1.jpg,s45_2.jpg,Sushi,2,57.0,20.0,37.0
122565336_395657851811740_3036997020445208536_n.jpg,125091296_2926970854192350_3264975942999600430_n.jpg,Sushi,1,,,
r87_1.jpg,r87_2.jpg,Ramen,2,57.0,24.0,33.0
s68_1.jpg,s68_2.jpg,Sushi,2,57.0,18.0,39.0
b29_1.jpg,b29_2.jpg,Burger,2,57.0,20.0,37.0
r14_1.jpg,r14_2.jpg,Ramen,2,57.0,23.0,34.0
b85_1.jpg,b85_2.jpg,Burger,1,57.0,29.0,28.0
72248635_473033110223769_2512291307959383063_n.jpg,71255789_2617040574983062_6950391026766258749_n.jpg,Ramen,1,,,
275449055_377220061077047_6772157616319415825_n.jpg,275917024_370855998181732_8454599616126799886_n.jpg,Ramen,2,,,
d71_1.jpg,d71_2.jpg,Dessert,2,57.0,20.0,37.0
b43_1.jpg,b43_2.jpg,Burger,2,57.0,27.0,30.0
12905050_1702933476645840_295049727_n.jpg,13249845_1145212565529449_903487074_n.jpg,Sushi,2,,,
122087533_129037988644464_4598580470885863660_n.jpg,123140377_377267950291750_2806601892336860731_n.jpg,Sushi,2,,,
b67_1.jpg,b67_2.jpg,Burger,2,57.0,22.0,35.0
r54_1.jpg,r54_2.jpg,Ramen,1,57.0,33.0,24.0
d93_1.jpg,d93_2.jpg,Dessert,2,57.0,28.0,29.0
s19_1.jpg,s19_2.jpg,Sushi,1,57.0,32.0,25.0
r33_1.jpg,r33_2.jpg,Ramen,1,57.0,29.0,28.0
d9_1.jpg,d9_2.jpg,Dessert,1,57.0,44.0,13.0
310621578_192572786479445_6117178142956372731_n.jpg,310124720_1327954517740030_6155731653667846137_n.jpg,Ramen,2,,,
b8_1.jpg,b8_2.jpg,Burger,2,57.0,23.0,34.0
126520464_153524943124372_5214325342417922845_n.jpg,124295807_912900245908729_7878599510152787759_n.jpg,Sushi,1,,,
r72_1.jpg,r72_2.jpg,Ramen,1,57.0,31.0,26.0
b63_1.jpg,b63_2.jpg,Burger,1,57.0,30.0,27.0
b94_1.jpg,b94_2.jpg,Burger,2,57.0,4.0,53.0
d14_1.jpg,d14_2.jpg,Dessert,1,57.0,30.0,27.0
317090093_152973527450465_7107632891179524663_n.jpg,317073780_152972780783873_4861874251574986161_n.jpg,Ramen,2,,,
r32_1.jpg,r32_2.jpg,Ramen,2,57.0,5.0,52.0
r11_1.jpg,r11_2.jpg,Ramen,2,57.0,8.0,49.0
b64_1.jpg,b64_2.jpg,Burger,1,57.0,48.0,9.0
r1_1.jpg,r1_2.jpg,Ramen,1,57.0,30.0,27.0
r41_1.jpg,r41_2.jpg,Ramen,1,57.0,30.0,27.0
b90_1.jpg,b90_2.jpg,Burger,1,57.0,39.0,18.0
70487159_500195117211906_5115210288391345252_n.jpg,69716504_1132739756925973_3067548656737891043_n.jpg,Dessert,2,,,
b78_1.jpg,b78_2.jpg,Burger,2,57.0,22.0,35.0
11084657_1580866332160621_2014037776_n.jpg,11055523_1428321640793506_727687319_n.jpg,Burger,1,,,
p43_1.jpg,p43_2.jpg,Pizza,2,55.0,24.0,31.0
274122438_661143624922410_8136924431237878255_n.jpg,273593179_1076395929809748_3848076108543400843_n.jpg,Ramen,1,,,
p21_1.jpg,p21_2.jpg,Pizza,1,55.0,28.0,27.0
r19_1.jpg,r19_2.jpg,Ramen,1,57.0,45.0,12.0
p10_1.jpg,p10_2.jpg,Pizza,1,55.0,36.0,19.0
d96_1.jpg,d96_2.jpg,Dessert,2,57.0,20.0,37.0
r9_1.jpg,r9_2.jpg,Ramen,1,57.0,49.0,8.0
s49_1.jpg,s49_2.jpg,Sushi,2,57.0,14.0,43.0
d40_1.jpg,d40_2.jpg,Dessert,2,57.0,24.0,33.0
d56_1.jpg,d56_2.jpg,Dessert,2,57.0,16.0,41.0
70865949_112491616616167_1205244557990048676_n.jpg,68695990_2354753638110216_2164502492632212496_n.jpg,Dessert,2,,,
13256969_1725909101011693_989988814_n.jpg,13181375_1114595581915474_1051079130_n.jpg,Sushi,1,,,
310596937_1012963606768943_4067755927971225271_n.jpg,311478465_493400659366343_289040289689423632_n.jpg,Ramen,1,,,
123842105_106287434555155_903092352925020137_n.jpg,124259763_513985859559524_639093050765798407_n.jpg,Burger,2,,,
r55_1.jpg,r55_2.jpg,Ramen,1,57.0,31.0,26.0
32276181_1775155502575830_4205594463998836736_n.jpg,31897607_385614681925751_2140302058954162176_n.jpg,Sushi,2,,,
274633106_124676306786399_4707342812030897536_n.jpg,274943276_330355985788253_6107291682074621025_n.jpg,Ramen,2,,,
d92_1.jpg,d92_2.jpg,Dessert,1,57.0,30.0,27.0
p72_1.jpg,p72_2.jpg,Pizza,2,55.0,12.0,43.0
d95_1.jpg,d95_2.jpg,Dessert,1,57.0,44.0,13.0
d30_1.jpg,d30_2.jpg,Dessert,2,57.0,25.0,32.0
r22_1.jpg,r22_2.jpg,Ramen,2,57.0,14.0,43.0
p71_1.jpg,p71_2.jpg,Pizza,1,55.0,29.0,26.0
p80_1.jpg,p80_2.jpg,Pizza,1,55.0,32.0,23.0
r66_1.jpg,r66_2.jpg,Ramen,1,57.0,45.0,12.0
p26_1.jpg,p26_2.jpg,Pizza,1,55.0,49.0,6.0
71182982_2424170071244596_4379177736122502083_n.jpg,75580644_2750918008304500_264373236640791097_n.jpg,Ramen,2,,,
29088114_199921677269426_2267343497897967616_n.jpg,29089067_575781026116302_6310780019937378304_n.jpg,Dessert,1,,,
p5_1.jpg,p5_2.jpg,Pizza,1,55.0,31.0,24.0
16583277_1246649542115241_8819044889351159808_n.jpg,17125805_1772374943079893_3070713587266748416_n.jpg,Dessert,2,,,
s89_1.jpg,s89_2.jpg,Sushi,2,57.0,19.0,38.0
311746357_499816168673049_8303903743844636666_n.jpg,310873825_777030303370923_5175305165093145022_n.jpg,Ramen,2,,,
s97_1.jpg,s97_2.jpg,Sushi,1,57.0,37.0,20.0
338381359_3226273097518478_1212933305138317470_n.jpg,338772117_1157772604849812_7831834239570284609_n.jpg,Pizza,2,,,
246881205_1060308394729253_8523102798317047106_n.jpg,246909530_625701205474212_7812503004769120618_n.jpg,Burger,1,,,
210534471_2949818438596450_6063318435112131948_n.jpg,210090038_405690277371827_8919711673644676962_n.jpg,Pizza,2,,,
122463067_197912291735415_6508861445156157655_n.jpg,126793056_3868654863167937_1354582415614491506_n.jpg,Sushi,2,,,
p52_1.jpg,p52_2.jpg,Pizza,1,55.0,34.0,21.0
r59_1.jpg,r59_2.jpg,Ramen,1,57.0,31.0,26.0
s14_1.jpg,s14_2.jpg,Sushi,2,57.0,19.0,38.0
b38_1.jpg,b38_2.jpg,Burger,1,57.0,29.0,28.0
46593162_260502597950491_4819882371830179690_n.jpg,43167157_1345463592261643_887925330050359493_n.jpg,Dessert,1,,,
d78_1.jpg,d78_2.jpg,Dessert,1,57.0,40.0,17.0
275547308_360892815911739_7249945032984791071_n.jpg,276027558_651692902606741_7292483838722976390_n.jpg,Ramen,2,,,
s64_1.jpg,s64_2.jpg,Sushi,2,57.0,28.0,29.0
152839110_1015735665618669_6107180570988458055_n.jpg,151350728_3927863133942796_3207591448617399978_n.jpg,Ramen,1,,,
r83_1.jpg,r83_2.jpg,Ramen,1,57.0,33.0,24.0
d43_1.jpg,d43_2.jpg,Dessert,2,57.0,22.0,35.0
r26_1.jpg,r26_2.jpg,Ramen,2,57.0,14.0,43.0
b35_1.jpg,b35_2.jpg,Burger,2,57.0,14.0,43.0
s59_1.jpg,s59_2.jpg,Sushi,2,57.0,26.0,31.0
72900298_409641183047800_5170738818349884849_n.jpg,80127787_129703078492019_3586914021413726464_n.jpg,Sushi,1,,,
s79_1.jpg,s79_2.jpg,Sushi,2,57.0,10.0,47.0
28428193_2020416538173536_4095514941828628480_n.jpg,27890789_166610420795830_3871108118997893120_n.jpg,Sushi,2,,,
r82_1.jpg,r82_2.jpg,Ramen,1,57.0,44.0,13.0
r57_1.jpg,r57_2.jpg,Ramen,2,57.0,9.0,48.0
b24_1.jpg,b24_2.jpg,Burger,1,57.0,48.0,9.0
32718380_235831010498517_8082338134139863040_n.jpg,32382375_454724208301375_4619664693273821184_n.jpg,Sushi,2,,,
332029467_908125623649524_1435351589380532417_n.jpg,331254884_3299849373600863_1488592353295246488_n.jpg,Pizza,2,,,
d41_1.jpg,d41_2.jpg,Dessert,1,57.0,42.0,15.0
329815115_929505391399843_2184734212831694842_n.jpg,333545956_867568937645420_5319227789523335769_n.jpg,Pizza,1,,,
r63_1.jpg,r63_2.jpg,Ramen,2,57.0,14.0,43.0
s52_1.jpg,s52_2.jpg,Sushi,2,57.0,11.0,46.0
s48_1.jpg,s48_2.jpg,Sushi,1,57.0,30.0,27.0
11032808_908429659208997_497390580_n.jpg,10584705_414935325345968_506215617_n.jpg,Burger,2,,,
d13_1.jpg,d13_2.jpg,Dessert,1,57.0,33.0,24.0
s69_1.jpg,s69_2.jpg,Sushi,1,57.0,48.0,9.0
b60_1.jpg,b60_2.jpg,Burger,2,57.0,11.0,46.0
p96_1.jpg,p96_2.jpg,Pizza,2,55.0,22.0,33.0
p24_1.jpg,p24_2.jpg,Pizza,1,55.0,32.0,23.0
b95_1.jpg,b95_2.jpg,Burger,1,57.0,31.0,26.0
316965628_153628484051636_8989734713588215362_n.jpg,316812899_153026954111789_3857708889581216474_n.jpg,Ramen,2,,,
d4_1.jpg,d4_2.jpg,Dessert,1,57.0,33.0,24.0
r79_1.jpg,r79_2.jpg,Ramen,2,57.0,10.0,47.0
p14_1.jpg,p14_2.jpg,Pizza,2,55.0,20.0,35.0
d17_1.jpg,d17_2.jpg,Dessert,1,57.0,37.0,20.0
p48_1.jpg,p48_2.jpg,Pizza,2,55.0,21.0,34.0
75602203_201497744210289_4131909896115570340_n.jpg,71713324_1372788962880638_6843625271317176003_n.jpg,Ramen,2,,,
320517376_511885147583671_2321409779503336402_n.jpg,315545262_151251904307715_8335897229817639599_n.jpg,Burger,1,,,
s74_1.jpg,s74_2.jpg,Sushi,2,57.0,9.0,48.0
73393298_179087009879058_7393527651229324178_n.jpg,73036543_2701878206565943_99846392390244117_n.jpg,Ramen,2,,,
d67_1.jpg,d67_2.jpg,Dessert,2,57.0,21.0,36.0
p100_1.jpg,p100_2.jpg,Pizza,1,55.0,31.0,24.0
30591647_2044923619164298_5011235186612895744_n.jpg,30084913_366916300479195_2454007638485106688_n.jpg,Dessert,2,,,
202275482_476068050142917_1015846863189834453_n.jpg,202894817_489305059025170_6567701396188617551_n.jpg,Burger,2,,,
p17_1.jpg,p17_2.jpg,Pizza,1,55.0,35.0,20.0
d84_1.jpg,d84_2.jpg,Dessert,1,57.0,45.0,12.0
27893854_560906910938928_9054207731925254144_n.jpg,29093813_123898548451270_699748364060721152_n.jpg,Sushi,1,,,
s8_1.jpg,s8_2.jpg,Sushi,1,57.0,50.0,7.0
241460731_226219536186249_6590689826269789117_n.jpg,241669508_570009967479934_6055648635858647982_n.jpg,Burger,2,,,
67597662_2306918179623591_8406980830756923887_n.jpg,67361878_528608977907738_1595405839640298962_n.jpg,Pizza,2,,,
r15_1.jpg,r15_2.jpg,Ramen,1,57.0,30.0,27.0
13129949_1005170399518634_23556381_n.jpg,12976437_1609110956076904_1228850299_n.jpg,Sushi,1,,,
d25_1.jpg,d25_2.jpg,Dessert,2,57.0,25.0,32.0
138889331_411019610232400_9204160817480151258_n.jpg,138597369_411282483319072_2172309799375482580_n.jpg,Burger,1,,,
p7_1.jpg,p7_2.jpg,Pizza,1,55.0,45.0,10.0
199349952_586719668962622_9145761867838295734_n.jpg,194982265_168585988547184_2011772503205105764_n.jpg,Pizza,1,,,
s91_1.jpg,s91_2.jpg,Sushi,1,57.0,41.0,16.0
29415618_169026053908204_3152048980678934528_n.jpg,28433527_917500551743963_2068490433398308864_n.jpg,Sushi,2,,,
r70_1.jpg,r70_2.jpg,Ramen,1,57.0,38.0,19.0
p20_1.jpg,p20_2.jpg,Pizza,2,55.0,25.0,30.0
306679193_386915690112875_1789099815826869506_n.jpg,305860807_1494781827634309_5254387089408243065_n.jpg,Ramen,2,,,
r99_1.jpg,r99_2.jpg,Ramen,1,57.0,48.0,9.0
s72_1.jpg,s72_2.jpg,Sushi,1,57.0,39.0,18.0
s62_1.jpg,s62_2.jpg,Sushi,2,57.0,17.0,40.0
d3_1.jpg,d3_2.jpg,Dessert,2,57.0,19.0,38.0
12328152_203637039980325_1199035321_n.jpg,12353971_559396860889252_548820150_n.jpg,Burger,2,,,
311337699_1438142933345116_8475819194754819325_n.jpg,311839896_851885102669357_1807925086505379238_n.jpg,Burger,2,,,
r5_1.jpg,r5_2.jpg,Ramen,2,57.0,19.0,38.0
p4_1.jpg,p4_2.jpg,Pizza,2,55.0,17.0,38.0
21826947_143790632892171_6615768422175211520_n.jpg,21577064_305928119876962_1122959482037469184_n.jpg,Pizza,2,,,
76817153_3720330764659745_5354196926280538804_n.jpg,71565864_3193129330703815_5344563430802114085_n.jpg,Pizza,1,,,
d69_1.jpg,d69_2.jpg,Dessert,1,57.0,37.0,20.0
s2_1.jpg,s2_2.jpg,Sushi,1,57.0,40.0,17.0
s82_1.jpg,s82_2.jpg,Sushi,2,57.0,24.0,33.0
d59_1.jpg,d59_2.jpg,Dessert,1,57.0,37.0,20.0
p50_1.jpg,p50_2.jpg,Pizza,1,55.0,36.0,19.0
b13_1.jpg,b13_2.jpg,Burger,2,57.0,27.0,30.0
274566754_1061115287785331_4668794358386587844_n.jpg,274502327_3118833508434250_4934016190821833646_n.jpg,Ramen,1,,,
13118258_1195835940461576_2024658923_n.jpg,12950370_1669264433339256_915071096_n.jpg,Sushi,2,,,
d16_1.jpg,d16_2.jpg,Dessert,1,57.0,36.0,21.0
r16_1.jpg,r16_2.jpg,Ramen,1,57.0,52.0,5.0
123739948_2862211360658598_2575555021032751202_n.jpg,124029345_853648638705511_5924469535942986082_n.jpg,Sushi,1,,,
323843437_871608254048264_565803655224326339_n.jpg,324698842_176782604980499_4221165803343298178_n.jpg,Pizza,2,,,
r51_1.jpg,r51_2.jpg,Ramen,1,57.0,38.0,19.0
31326532_160368024798702_8444503262735892480_n.jpg,30590213_167256450655633_4677126918993084416_n.jpg,Dessert,1,,,
d87_1.jpg,d87_2.jpg,Dessert,1,57.0,39.0,18.0
r65_1.jpg,r65_2.jpg,Ramen,1,57.0,36.0,21.0
r13_1.jpg,r13_2.jpg,Ramen,2,57.0,21.0,36.0
b32_1.jpg,b32_2.jpg,Burger,1,57.0,41.0,16.0
s12_1.jpg,s12_2.jpg,Sushi,1,57.0,42.0,15.0
69246465_2432307053759293_6972590829265969314_n.jpg,66691675_2272137436433951_7270203045801967989_n.jpg,Dessert,1,,,
p38_1.jpg,p38_2.jpg,Pizza,2,55.0,18.0,37.0
72299815_157758158806476_3571697223681565128_n.jpg,72781206_107236080646915_105836491357013925_n.jpg,Ramen,2,,,
r21_1.jpg,r21_2.jpg,Ramen,1,57.0,33.0,24.0
28763812_421915311589223_468712095999852544_n.jpg,30087582_1011417512356748_5711520550434635776_n.jpg,Dessert,1,,,
p75_1.jpg,p75_2.jpg,Pizza,2,55.0,21.0,34.0
d82_1.jpg,d82_2.jpg,Dessert,1,57.0,38.0,19.0
s77_1.jpg,s77_2.jpg,Sushi,2,57.0,27.0,30.0
306477342_189155720166367_5956430331153027473_n.jpg,306081090_1510900399324211_8503281087830745879_n.jpg,Ramen,2,,,
29738300_166987397349247_8517128750234599424_n.jpg,30590213_167256450655633_4677126918993084416_n.jpg,Dessert,1,,,
75371276_1245094419211545_6635992898573336028_n.jpg,81398703_212028573144313_364130994458994770_n.jpg,Ramen,1,,,
d62_1.jpg,d62_2.jpg,Dessert,2,57.0,27.0,30.0
21576787_186490498585939_7473244864566525952_n.jpg,21826947_143790632892171_6615768422175211520_n.jpg,Pizza,1,,,
b22_1.jpg,b22_2.jpg,Burger,2,57.0,21.0,36.0
r78_1.jpg,r78_2.jpg,Ramen,2,57.0,25.0,32.0
b44_1.jpg,b44_2.jpg,Burger,1,57.0,30.0,27.0
p93_1.jpg,p93_2.jpg,Pizza,2,55.0,25.0,30.0
309891314_5274647315965994_337548874073863425_n.jpg,309573222_464789985616901_5553528645495089976_n.jpg,Ramen,2,,,
p69_1.jpg,p69_2.jpg,Pizza,2,55.0,27.0,28.0
p6_1.jpg,p6_2.jpg,Pizza,1,55.0,35.0,20.0
s1_1.jpg,s1_2.jpg,Sushi,1,57.0,36.0,21.0
s93_1.jpg,s93_2.jpg,Sushi,1,57.0,42.0,15.0
d44_1.jpg,d44_2.jpg,Dessert,1,57.0,42.0,15.0
b9_1.jpg,b9_2.jpg,Burger,2,57.0,27.0,30.0
14374501_1317027038337445_751016389_n.jpg,14269234_1797724650447475_1015428204_n.jpg,Pizza,2,,,
b93_1.jpg,b93_2.jpg,Burger,2,57.0,9.0,48.0
11881588_1487258208259212_1915419048_n.jpg,11934623_1651838481728580_1053182626_n.jpg,Burger,2,,,
r49_1.jpg,r49_2.jpg,Ramen,1,57.0,35.0,22.0
b14_1.jpg,b14_2.jpg,Burger,2,57.0,26.0,31.0
s81_1.jpg,s81_2.jpg,Sushi,2,57.0,11.0,46.0
28156915_311041766087625_8177125429547630592_n.jpg,28435026_592341481119733_2245198367346917376_n.jpg,Dessert,2,,,
r91_1.jpg,r91_2.jpg,Ramen,1,57.0,37.0,20.0
b55_1.jpg,b55_2.jpg,Burger,2,57.0,25.0,32.0
b69_1.jpg,b69_2.jpg,Burger,2,57.0,24.0,33.0
11254473_1004519686226204_1468534364_n.jpg,11381786_403750313154413_14393541_n.jpg,Ramen,1,,,
p25_1.jpg,p25_2.jpg,Pizza,2,55.0,27.0,28.0
307726641_485450260117829_7639687817490152763_n.jpg,306917569_836656103990926_8012047508509536880_n.jpg,Ramen,2,,,
b18_1.jpg,b18_2.jpg,Burger,2,57.0,26.0,31.0
s57_1.jpg,s57_2.jpg,Sushi,1,57.0,29.0,28.0
b17_1.jpg,b17_2.jpg,Burger,2,57.0,17.0,40.0
b99_1.jpg,b99_2.jpg,Burger,1,57.0,46.0,11.0
p78_1.jpg,p78_2.jpg,Pizza,2,55.0,27.0,28.0
p97_1.jpg,p97_2.jpg,Pizza,1,55.0,42.0,13.0
s9_1.jpg,s9_2.jpg,Sushi,1,57.0,51.0,6.0
14374186_1813509185589101_1184491055_n.jpg,14474556_1170356453032202_9109981902353203200_n.jpg,Dessert,2,,,
s39_1.jpg,s39_2.jpg,Sushi,2,57.0,6.0,51.0
199349952_586719668962622_9145761867838295734_n.jpg,202217655_481096222982347_8617005837864237189_n.jpg,Pizza,1,,,
78726172_739566876552851_6092582006280585163_n.jpg,81062654_610122716483052_6913959112713576857_n.jpg,Sushi,2,,,
p73_1.jpg,p73_2.jpg,Pizza,1,55.0,36.0,19.0
242040123_840472366663122_4640622842603712661_n.jpg,243792915_536384637454123_1519817044320514608_n.jpg,Burger,1,,,
b65_1.jpg,b65_2.jpg,Burger,1,57.0,37.0,20.0
r34_1.jpg,r34_2.jpg,Ramen,2,57.0,28.0,29.0
s51_1.jpg,s51_2.jpg,Sushi,2,57.0,22.0,35.0
44392043_731977683832931_2724141811801446502_n.jpg,44221467_353480848721263_7774222579126973040_n.jpg,Dessert,2,,,
26868605_1982629161955137_8525708905186066432_n.jpg,28764913_154475388524454_5449750522900774912_n.jpg,Sushi,1,,,
p84_1.jpg,p84_2.jpg,Pizza,2,55.0,23.0,32.0
p85_1.jpg,p85_2.jpg,Pizza,1,55.0,44.0,11.0
316919062_461083599286289_5663528881580615272_n.jpg,316809697_450388840612200_3687028451398628377_n.jpg,Burger,1,,,
b26_1.jpg,b26_2.jpg,Burger,2,57.0,28.0,29.0
71286062_340408146805015_4238916231357662732_n.jpg,74384414_1531407200330849_2770297906078855134_n.jpg,Ramen,2,,,
b12_1.jpg,b12_2.jpg,Burger,2,57.0,20.0,37.0
72419762_456963268268747_6237057873984626535_n.jpg,76817153_3720330764659745_5354196926280538804_n.jpg,Pizza,2,,,
241982674_104591745259055_264484297106237243_n.jpg,241405968_545471979992438_4900432745517540411_n.jpg,Burger,2,,,
224978068_998880990944851_414209005693750126_n.jpg,222647960_416018753036515_8837004213601522263_n.jpg,Ramen,2,,,
p87_1.jpg,p87_2.jpg,Pizza,2,55.0,16.0,39.0
s67_1.jpg,s67_2.jpg,Sushi,1,57.0,31.0,26.0
r94_1.jpg,r94_2.jpg,Ramen,1,57.0,34.0,23.0
d31_1.jpg,d31_2.jpg,Dessert,1,57.0,41.0,16.0
328102537_157629580424965_7907289441447984072_n.jpg,328585071_222645483549576_3261062134020471437_n.jpg,Burger,2,,,
122256957_1814218692061873_162757197600505219_n.jpg,127157828_3474079642704500_5030982143150119189_n.jpg,Sushi,2,,,
307655518_5806493896035562_1444903109016578572_n.jpg,307834780_866237757606388_2958084627135504076_n.jpg,Ramen,1,,,
123384576_125862325712662_5721237591491034013_n.jpg,121663614_1772053466281637_2165721196137235996_n.jpg,Sushi,2,,,
b27_1.jpg,b27_2.jpg,Burger,1,57.0,35.0,22.0
12317777_1628344680759247_782198078_n.jpg,12353971_559396860889252_548820150_n.jpg,Burger,2,,,
p54_1.jpg,p54_2.jpg,Pizza,2,55.0,15.0,40.0
p44_1.jpg,p44_2.jpg,Pizza,2,55.0,17.0,38.0
p27_1.jpg,p27_2.jpg,Pizza,2,55.0,17.0,38.0
d57_1.jpg,d57_2.jpg,Dessert,1,57.0,35.0,22.0
b77_1.jpg,b77_2.jpg,Burger,1,57.0,38.0,19.0
r67_1.jpg,r67_2.jpg,Ramen,2,57.0,7.0,50.0
14592019_548118222063831_7773393976828100608_n.jpg,14533483_927667504005415_5552794433373601792_n.jpg,Dessert,1,,,
d74_1.jpg,d74_2.jpg,Dessert,2,57.0,28.0,29.0
s10_1.jpg,s10_2.jpg,Sushi,2,57.0,23.0,34.0
d65_1.jpg,d65_2.jpg,Dessert,2,57.0,27.0,30.0
b19_1.jpg,b19_2.jpg,Burger,2,57.0,21.0,36.0
d20_1.jpg,d20_2.jpg,Dessert,1,57.0,42.0,15.0
37386655_1987926171251491_4595649482422484992_n.jpg,36778540_1925615937499645_3768940708270964736_n.jpg,Dessert,1,,,
p55_1.jpg,p55_2.jpg,Pizza,1,55.0,42.0,13.0
s84_1.jpg,s84_2.jpg,Sushi,2,57.0,18.0,39.0
32677889_450927265351277_7641543179535122432_n.jpg,36136831_2124982137714547_2129685024352501760_n.jpg,Dessert,1,,,
1799763_1568846116721848_153794917_n.jpg,10838476_1603547203214490_1673567624_n.jpg,Burger,1,,,
66719980_341359163436442_354242312381491450_n.jpg,66249285_2142910869169380_4765719460207307427_n.jpg,Pizza,2,,,
123246916_1152620635191453_5451475725585609683_n.jpg,124529329_196644668645758_7807888401112316642_n.jpg,Burger,1,,,
11117136_448997341923974_711657908_n.jpg,1516417_377738045750906_293275553_n.jpg,Burger,1,,,
310904820_807493737034369_8679322338724860007_n.jpg,310791550_139907805426615_1963917203063835898_n.jpg,Pizza,1,,,
b52_1.jpg,b52_2.jpg,Burger,1,57.0,46.0,11.0
125466564_2690835787836104_7737091042739408683_n.jpg,120551145_806115763498674_4242180141545987195_n.jpg,Sushi,2,,,
d10_1.jpg,d10_2.jpg,Dessert,1,57.0,42.0,15.0
s96_1.jpg,s96_2.jpg,Sushi,1,57.0,53.0,4.0
d77_1.jpg,d77_2.jpg,Dessert,1,57.0,36.0,21.0
122200464_457996815178670_241781219929953444_n.jpg,127701101_774036309848342_8925353607762608101_n.jpg,Sushi,2,,,
315291402_1423671051372706_514119147595511095_n.jpg,315104574_419238686921452_2947015828713113815_n.jpg,Pizza,1,,,
321178296_212708044476601_8618792986623464295_n.jpg,320728043_647148227156917_1556510158367256441_n.jpg,Pizza,2,,,
d54_1.jpg,d54_2.jpg,Dessert,1,57.0,43.0,14.0
d73_1.jpg,d73_2.jpg,Dessert,2,57.0,17.0,40.0
87578397_1525013024332090_4643922563362928419_n.jpg,84430619_250864489405363_1959860875934293042_n.jpg,Ramen,1,,,
275547308_360892815911739_7249945032984791071_n.jpg,277081829_287373060061572_8963564209910319082_n.jpg,Ramen,2,,,
s21_1.jpg,s21_2.jpg,Sushi,1,57.0,31.0,26.0
b92_1.jpg,b92_2.jpg,Burger,1,57.0,32.0,25.0
1169172_946210408765305_1703024980_n.jpg,12357577_141291829575945_1100786173_n.jpg,Burger,2,,,
r58_1.jpg,r58_2.jpg,Ramen,2,57.0,2.0,55.0
r20_1.jpg,r20_2.jpg,Ramen,2,57.0,19.0,38.0
p47_1.jpg,p47_2.jpg,Pizza,2,55.0,26.0,29.0
b46_1.jpg,b46_2.jpg,Burger,1,57.0,40.0,17.0
310163487_180325491201434_6070199003073864627_n.jpg,309519003_165729519384320_1102033255849844212_n.jpg,Ramen,2,,,
305279134_603021091364871_7708288590563737578_n.jpg,306100588_475510381147757_1196563992721500500_n.jpg,Ramen,1,,,
b49_1.jpg,b49_2.jpg,Burger,2,57.0,17.0,40.0
p79_1.jpg,p79_2.jpg,Pizza,1,55.0,31.0,24.0
r4_1.jpg,r4_2.jpg,Ramen,2,57.0,9.0,48.0
305884891_608290267418527_138773165400340504_n.jpg,303236136_604816304478290_172803265930448776_n.jpg,Ramen,2,,,
p40_1.jpg,p40_2.jpg,Pizza,2,55.0,24.0,31.0
21910602_486962664993202_3698330694305447936_n.jpg,21980279_302747960128833_4149313002098655232_n.jpg,Pizza,2,,,
75629100_2476660405776788_1350933211901912694_n.jpg,75554017_503705193820971_9145758154388369205_n.jpg,Sushi,2,,,
r93_1.jpg,r93_2.jpg,Ramen,1,57.0,43.0,14.0
p37_1.jpg,p37_2.jpg,Pizza,2,55.0,14.0,41.0
78774866_181982142854738_2322490065593940640_n.jpg,80668935_821523448325595_5682589338691527181_n.jpg,Ramen,2,,,
17267804_1072336882911831_7477207878135185408_n.jpg,17438382_1364583190229308_1169100500381990912_n.jpg,Dessert,1,,,
242040123_840472366663122_4640622842603712661_n.jpg,242080814_180427190878194_8237751870754355664_n.jpg,Burger,1,,,
s18_1.jpg,s18_2.jpg,Sushi,1,57.0,43.0,14.0
p81_1.jpg,p81_2.jpg,Pizza,1,55.0,49.0,6.0
r43_1.jpg,r43_2.jpg,Ramen,1,57.0,47.0,10.0
241147352_872989330267554_5117743149400882105_n.jpg,241736688_287677299438743_7492845730420165192_n.jpg,Burger,1,,,
r95_1.jpg,r95_2.jpg,Ramen,2,57.0,12.0,45.0
p49_1.jpg,p49_2.jpg,Pizza,2,55.0,23.0,32.0
d33_1.jpg,d33_2.jpg,Dessert,2,57.0,15.0,42.0
r27_1.jpg,r27_2.jpg,Ramen,2,57.0,18.0,39.0
r37_1.jpg,r37_2.jpg,Ramen,2,57.0,17.0,40.0
p77_1.jpg,p77_2.jpg,Pizza,2,55.0,24.0,31.0
b3_1.jpg,b3_2.jpg,Burger,2,57.0,24.0,33.0
28151834_154688755158944_2395915173559795712_n.jpg,29087382_1904178226319012_8241629812494434304_n.jpg,Sushi,1,,,
p66_1.jpg,p66_2.jpg,Pizza,2,55.0,9.0,46.0
s83_1.jpg,s83_2.jpg,Sushi,1,57.0,52.0,5.0
d22_1.jpg,d22_2.jpg,Dessert,1,57.0,30.0,27.0
269977490_1066920094159592_3907553725159899621_n.jpg,263526381_3033176853598964_3564393029331855378_n.jpg,Pizza,2,,,
s76_1.jpg,s76_2.jpg,Sushi,1,57.0,34.0,23.0
d68_1.jpg,d68_2.jpg,Dessert,2,57.0,22.0,35.0
b71_1.jpg,b71_2.jpg,Burger,2,57.0,24.0,33.0
73457385_106961457353248_6175816584649849799_n.jpg,73457353_2820862781308005_466785208088744296_n.jpg,Sushi,2,,,
r90_1.jpg,r90_2.jpg,Ramen,1,57.0,31.0,26.0
d83_1.jpg,d83_2.jpg,Dessert,1,57.0,33.0,24.0
d85_1.jpg,d85_2.jpg,Dessert,1,57.0,32.0,25.0
s40_1.jpg,s40_2.jpg,Sushi,1,57.0,36.0,21.0
b10_1.jpg,b10_2.jpg,Burger,1,57.0,30.0,27.0
b82_1.jpg,b82_2.jpg,Burger,1,57.0,30.0,27.0
s11_1.jpg,s11_2.jpg,Sushi,1,57.0,35.0,22.0
242365432_1471771356526361_5729615427424637784_n.jpg,242444163_808371556525263_6237946571936485908_n.jpg,Burger,2,,,
p70_1.jpg,p70_2.jpg,Pizza,1,55.0,36.0,19.0
38769458_260488591232387_8823641999006498816_n.jpg,37901325_2099160820353315_4065634832875520000_n.jpg,Pizza,2,,,
b62_1.jpg,b62_2.jpg,Burger,1,57.0,41.0,16.0
317612359_466471425630629_9103376320134147638_n.jpg,321155392_654081873125804_4597979222163610840_n.jpg,Burger,2,,,
s63_1.jpg,s63_2.jpg,Sushi,2,57.0,25.0,32.0
277255963_1085014708735332_8419494075876859339_n.jpg,277581244_5506222672741130_2092650824517213764_n.jpg,Ramen,1,,,
b66_1.jpg,b66_2.jpg,Burger,1,57.0,30.0,27.0
124944220_848402539035653_5531286939794648867_n.jpg,123263191_1004901990017393_8224379764195888247_n.jpg,Burger,2,,,
r10_1.jpg,r10_2.jpg,Ramen,1,57.0,29.0,28.0
331129582_572122901610872_1126705209364013612_n.jpg,331254884_3299849373600863_1488592353295246488_n.jpg,Pizza,1,,,
126972937_421191402233599_8523281420090427901_n.jpg,126056274_212979423597368_4519631247727730342_n.jpg,Sushi,2,,,
d8_1.jpg,d8_2.jpg,Dessert,1,57.0,36.0,21.0
r92_1.jpg,r92_2.jpg,Ramen,2,57.0,21.0,36.0
p30_1.jpg,p30_2.jpg,Pizza,2,55.0,23.0,32.0
b47_1.jpg,b47_2.jpg,Burger,2,57.0,20.0,37.0
p61_1.jpg,p61_2.jpg,Pizza,2,55.0,23.0,32.0
s88_1.jpg,s88_2.jpg,Sushi,1,57.0,51.0,6.0
s41_1.jpg,s41_2.jpg,Sushi,1,57.0,50.0,7.0
p76_1.jpg,p76_2.jpg,Pizza,2,55.0,22.0,33.0
d55_1.jpg,d55_2.jpg,Dessert,1,57.0,40.0,17.0
r88_1.jpg,r88_2.jpg,Ramen,1,57.0,31.0,26.0
p67_1.jpg,p67_2.jpg,Pizza,2,55.0,11.0,44.0
277581244_5506222672741130_2092650824517213764_n.jpg,276983363_483148460172623_6099317131378628845_n.jpg,Ramen,2,,,
b100_1.jpg,b100_2.jpg,Burger,2,57.0,26.0,31.0
s95_1.jpg,s95_2.jpg,Sushi,1,57.0,35.0,22.0
r7_1.jpg,r7_2.jpg,Ramen,2,57.0,20.0,37.0
13256610_237797486611814_1931005133_n.jpg,13151354_875783432533844_1437326958_n.jpg,Sushi,2,,,
242080701_259178729404817_2318096876944401439_n.jpg,241669508_570009967479934_6055648635858647982_n.jpg,Burger,2,,,
20634628_110624352971529_3403870025709256704_n.jpg,20759618_1849522951854074_3638746935130587136_n.jpg,Pizza,2,,,
d5_1.jpg,d5_2.jpg,Dessert,2,57.0,26.0,31.0
d23_1.jpg,d23_2.jpg,Dessert,1,57.0,37.0,20.0
67643458_513229729431147_9016705618040264800_n.jpg,67700071_2320512351546408_7712552901933445619_n.jpg,Dessert,2,,,
b40_1.jpg,b40_2.jpg,Burger,2,57.0,23.0,34.0
b5_1.jpg,b5_2.jpg,Burger,2,57.0,26.0,31.0
30084913_366916300479195_2454007638485106688_n.jpg,30087315_233745567190414_6827829120995426304_n.jpg,Dessert,1,,,
p2_1.jpg,p2_2.jpg,Pizza,2,55.0,19.0,36.0
244653677_182241847288303_2309291450720088801_n.jpg,244418437_652548022397059_7976205653246574973_n.jpg,Burger,2,,,
s80_1.jpg,s80_2.jpg,Sushi,1,57.0,32.0,25.0
p86_1.jpg,p86_2.jpg,Pizza,2,55.0,22.0,33.0
66857474_204729163847890_1564825636653318367_n.jpg,66001652_483555159121792_3579560081300032353_n.jpg,Dessert,1,,,
d64_1.jpg,d64_2.jpg,Dessert,2,57.0,18.0,39.0
d24_1.jpg,d24_2.jpg,Dessert,1,57.0,32.0,25.0
69411483_2452642241684379_3350795237634092793_n.jpg,70596578_174451303720891_4027583205877196172_n.jpg,Dessert,1,,,
r38_1.jpg,r38_2.jpg,Ramen,2,57.0,10.0,47.0
d37_1.jpg,d37_2.jpg,Dessert,2,57.0,18.0,39.0
d26_1.jpg,d26_2.jpg,Dessert,1,57.0,35.0,22.0
s90_1.jpg,s90_2.jpg,Sushi,1,57.0,34.0,23.0
s29_1.jpg,s29_2.jpg,Sushi,1,57.0,30.0,27.0
11055445_556613634441094_1451985382_n.jpg,11055989_349384535252405_1973311748_n.jpg,Burger,1,,,
r61_1.jpg,r61_2.jpg,Ramen,1,57.0,45.0,12.0
p74_1.jpg,p74_2.jpg,Pizza,2,55.0,23.0,32.0
